#NAME,peat_full_hg_T1,peat_full_mg_T2,peat_full_hg_T2,peat_full_hg_T3,peat_empty_mg1_C1,peat_empty_mg2_C1,peat_empty_mg_C2,peat_empty_hg_C2,peat_empty_mg_C3,peat_empty_mg1_C4,peat_empty_mg2_C4,peat_empty_hg_C4,peat_empty_mg_C5,peat_casts_casts_C1,peat_empty_casts_C3,peat_empty_mg_A1,peat_empty_hg_A1,peat_empty_mg_A3,peat_empty_hg_A3,peat_empty_mg_A5,peat_empty_hg_A5,peat_casts_casts_A1,peat_casts_casts_A2,peat_full_hg_F1,peat_full_mg1_F2,peat_full_mg2_F2,peat_full_hg_F2,peat_full_mg_F3,peat_full_hg_F3,peat_full_hg_F4,peat_1,peat_2,sludge_empty_gut_P1,sludge_empty_mg1_P1,sludge_empty_mg2_P1,sludge_empty_gut_P2,sludge_empty_mg_P2,sludge_empty_mg1_P3,sludge_empty_gut_P3,sludge_empty_mg2_P3,sludge_empty_gut_P4,sludge_empty_gut_P5,sludge_empty_mg1_P5,sludge_empty_mg2_P5,sludge_full_gut_S1,sludge_full_mg1_S1,sludge_full_gut_S2,sludge_full_mg_S2,sludge_full_gut_S3,sludge_full_mg_S3,sludge_full_gut_S4,sludge_full_mg_S4,sludge_full_gut_S5,sludge_full_mg_S5,sludge_full_mg2_S1,sludge_casts_casts_1,sludge_casts_casts_2,sludge_casts_casts_3,sludge_casts_casts_4,sludge_casts_casts_5,sludge_casts_casts_6,sludge_1,sludge_2
ASV1,8.20978147977978,8.82211383327585,7.52690862113931,6.5783200521666,7.3029591120696,6.58124137442359,5.8919465854761,9.57479701234223,9.94026232466538,8.97178003201564,9.12207656463217,5.78501508155889,11.6779664146184,0,0,0,0,6.10751982012583,0,0,7.76318468485311,0,1.66724934621216,8.3681975235844,10.9253477558282,12.6222824743629,10.8163048317386,0,0,8.02918636509396,0,0,9.14363609226355,10.2436308929297,11.8344039681573,8.89561000152048,9.9516851563469,4.7219648622206,0,9.09093407615732,0,0,0,5.65691077189822,1.37327537142384,-0.394406032934544,0,0,0,0,0,-1.12419668571657,5.67823181715882,0,0,0.0165439957087332,-1.15449452569683,0,0,0,0,0,0
ASV2,5.19451472312647,2.70990432968983,0,4.31430053530724,11.2429286742919,3.0432763532396,11.0357996780457,6.31796394567675,7.84380926392648,9.14552963910108,7.39632575796189,7.2749810683443,8.34677043963064,0,0,0,0,6.0878910133769,3.87368267081909,0,5.87293009083646,0,0,5.90720539095949,7.61155135954332,10.4847371690916,8.34878820242611,0,0,7.13923991055888,0,0,12.4400073238276,13.1012513494971,11.3753061135564,10.9856951307528,13.004712519986,5.92478174522029,10.4366999665968,9.87061971789661,4.34249035379764,0,0,6.03542239515195,2.25298113770613,0.190556467786612,0,0,0,0,0,-0.124196685716571,9.97401189453388,-1.58270170987632,0,-0.0614585162925399,0,0,0,1.21411103133779,-0.421997559031774,0,0
ASV3,0,0,0,0,0,0,0,0,10.3801332455356,11.9945265548614,10.0376262428329,11.7932789089476,11.3164297608217,1.03896169430574,0,0,0,0,0,7.7685757466802,6.65512493899566,0,0,0,10.6428837414756,12.6506222228989,10.5473775991773,0,4.36592297759275,0,0,0,13.0791401087763,13.5971485270941,13.1078597928443,0,0,0,6.51957744837737,0,0,0,0,0,4.28400803332675,1.19055646778661,0,0,0,0,0,0,0,0,0,1.54997619578981,0,0,0,0,0,0,0
ASV4,6.58829310303351,4.70990432968983,5.72590919412153,5.80141571263025,11.5715788106235,8.94553550011648,10.6904610200398,9.44320012955902,9.50470381842774,10.6744905193153,9.12689358092994,7.40491137238943,9.58742089048386,3.57501459454594,3.65955239889525,7.31952896154569,10.8078621493251,10.3944209430615,9.5087891087768,10.6135602258374,8.75323502444551,4.83551173044437,3.25221184693332,7.92215573242546,7.12138661336642,8.41939464089277,9.47110952803408,5.4325214864051,9.21904231676028,12.5116254310158,5.30050571167278,4.28411539067976,3.47931579992911,5.85757246062262,4.56427553335545,2.48834223727575,3.9020543886223,0,7.60673824942125,0,8.70864758490635,8.22655702028108,0,4.12347857181715,1.48430668381258,1.66448765611902,-0.390578218909284,0,0.839823721081302,-0.987072961459669,2.50789661541043,0.723800220838379,11.5696321268626,-0.582701709876315,10.6182556963688,1.65125953162699,0.983008998053103,2.11154053398762,1.01252714241935,1.97595129414302,1.70728545791319,0,0
ASV5,10.1839243215834,0,0,9.40870276002286,4.88455476169236,0,12.5982153824194,11.3181849298299,0,0,0,0,0,0,0,0,0,0,0,0,0,0,1.66724934621216,0,0,0,0,0,0,9.25471712797881,0,0,0,6.05158308058925,0,13.7492617709387,12.8842494130818,11.1087627968458,12.4953897267447,12.9460618197189,8.33566908794163,0,0,8.29761582454637,0,0,0,-0.314881466446457,2.50724838199443,1.41502548211168,0,0,11.3492832945937,1.48768761801508,0,0,0,0,-0.572435358301804,0.149980693918073,-0.100069464144412,0,0
ASV7,12.5280031659493,9.0961472380589,10.3777336492388,10.6081678792828,0,0,0,0,0,0,0,0,0,8.62091544515455,1.72095294355939,0,0,0,0,10.3115367260914,5.00457409664693,5.9730152541943,2.47460426826976,8.16414414569804,5.21330910280746,0,0,5.01748398712626,0,0,0,0,10.4246202791429,3.67115933639174,7.37530611355645,0,0,0,8.59825534779835,7.2710475222911,11.9176371130774,7.18256241032866,6.18416123761281,0,6.25884973579527,2.87861246147187,6.54147245059763,8.09238629779827,4.16175181596866,7.77495307600502,7.76468245724273,7.23599198434614,8.96183718058778,5.57716962690207,0,0.722812792652023,8.7333353359972,2.42756802743529,6.88371367634619,4.23744353516841,4.48489303657674,0,0
ASV8,0,0,0,4.11148365230755,5.03790553859915,0,0,0,0,0,0,0,0,0,0,0,0,0,0,0,0,5.45218309089286,0,0,0,0,0,0,0,0,2.5396933755522,0,0,3.20549576404293,0,2.94777385591304,0,0,3.93973997983408,0,9.57021980676282,0,0,0,0,0,0,0,0,0,0,0,0,0,6.6994495085452,1.16093390504391,0.915894802194566,2.9562623085097,0.565068165448131,0,0,0,0
ASV9,4.90671241214374,5.06538498428822,5.33289800117268,5.40593101077281,3.46501587017857,8.75434762311058,3.22898157275367,9.39875535288421,8.33679754994832,2.36198567831454,7.06398682936975,8.36466378238358,7.85482048887906,7.38591858368462,3.8908779450017,11.1552285092973,5.7452501720254,6.16485299519178,9.12072699167868,6.19151844404438,11.097945594788,8.14585185105652,7.14298277717856,0,3.33289071856013,0,1.98246598818029,0,5.9508854783139,0,5.45723121536023,4.50650781201621,0,0,10.24174350556,0,1.25819819884757,12.9479680054558,6.3795045650153,0,0,0,0,8.78093806339169,0,0,0,0,0,0,0,4.32866227899724,0,0,0,4.6694832902459,2.47777368980268,2.56291988033018,1.96361754193841,3.67923376205294,4.00426719567032,0,2.50785125655062
ASV10,4.63992587144884,4.90784370730174,5.31825122520828,5.22905324868873,4.16545558831966,8.80636100836969,0,9.66304300481467,8.47899112013537,5.02495069103697,8.25033906369239,8.27309148714308,8.18630576743739,7.44154745253832,4.52830786561699,11.3731064030695,6.77404743633284,4.75604744962445,8.28188896610121,0,10.4405592427963,8.12042063590093,6.82712068299055,0,4.39702105597984,0,0,3.4325214864051,6.5552654328623,0,4.82919999274719,4.93181364674888,0,0,5.88620362824281,0,0,9.09602007860663,0,0,3.13813185529146,0,0,10.0529705963628,0,0,0,-0.0518470606126632,0,0,0,5.18687041653902,0,-0.904629804763678,0,2.3535789829863,1.88112938403389,2.83668069275703,0,3.83010042767957,3.82592995441181,0,0
ASV12,8.13977175853204,10.248150331504,9.98894359995532,7.73229135197543,3.04997837089973,5.26169987237311,5.34445879017361,3.7330014449556,3.8787618627609,0,4.2485721375182,4.741946359667,4.52852720143029,9.54437630365249,8.34787873738424,0,0,0,1.6173429175593,0,0,8.81614640557744,8.99367883333446,8.10921257210558,6.35727487718709,0,4.86999125892188,7.87625441868441,6.48004618736671,0,8.60578256600997,4.90078675112825,0,0,0,0,0,0,0,0,3.25842608900917,0,0,0,0,0,0,0,0,0,0,0,0,0,0,0,0,0,0,0,0,0,0
ASV13,3.99747787606692,4.29486683041099,4.70354138109307,5.26620624710619,4.04997837089973,0,0,0,0,4.23645479623068,0,4.22111419636556,5.09884292618705,7.12642453555608,0,3.64917496959389,0,0,3.87368267081909,0,5.02125283779356,6.16893546416956,7.47460426826976,0,0,0,0,0,0,0,8.74045578091711,7.03543627782304,0,0,0,0,0,0,0,0,0,0,0,0,0,0,0,0,0,-0.47249978862991,0,0,0,0,0,0,0,0,0,1.73494319463923,1.57800244096823,0,0
ASV15,0,0,0,4.6689654166066,5.1983702107924,0,0,0,0,0,0,0,0.484133082071841,0,4.86391089740143,0,0,0,0,0,0,5.725634112672,0,0,0,0,0,0,0,4.55427740983772,0,0,4.73085456692507,0,4.40077680107257,0,3.06555312090517,0,4.21804114232118,0,9.61597809362725,0,0,0,0.636309777257634,0,0,0,0,0,0,0,0,0,4.94628668685119,1.38332632638036,0,0,0,0,0,0,0
ASV17,0,5.56495599377873,5.82248245381658,6.46571223909822,4.20917696574898,3.92779913581967,0,0,0,0,2.82407430899029,1.01948033519591,4.41487041963473,8.98499068382121,12.2798519247061,6.87282354690076,0,0,4.40161422650386,0,0,7.98390357033704,7.78878286355219,5.42177856378925,5.91785321928128,4.29491261021163,0,3.56376601968335,8.65402940538337,0,3.5396933755522,2.9621872957924,0,0,0,0,0,0,0,0,0,0,0,0,0,0,0,0,0,0,0,0,0,0,5.73355736286546,0,0,0,0,0,0,0,0
ASV21,0,0,0,0.383563197744351,1.46501587017857,0,0,0,0,0,0,0,0,0,0,0,0,0,0,0,0,0,0,0,-0.126540900077169,0,0,0,0,0,0,1.6991528899586,0,5.9112104242247,3.00484812474143,2.81027033216311,3.65051562162633,0,8.25397368293144,6.32508736200399,7.64799290077189,9.00676682076185,7.67113394764287,0,7.41679486508658,6.26855897978789,6.28811972007774,5.08086686173258,6.40878574310874,5.01292703854033,7.27297988467978,5.59826933875452,0,5.45511975555865,-0.007909623535685,7.27492406336545,6.81013514102376,6.17455033151342,6.48717949799542,8.29556552319214,8.16531116930177,5.28702911532628,5.31520617860822
ASV22,0,0,0,0,0,0,0,0,0,0,0,0,0,0,0,0,0,0,0,0,0,0,0,0,0,0,0,0,0,0,0,0,0,0,0,3.18878195541684,0,0,3.42954524751489,0,4.80439445811446,5.24980975140818,8.51526303675811,0,8.29261545386585,10.245688238044,2.50558597010618,6.6612530063852,5.93971295303146,6.60431580842092,5.30645458923087,8.33359457453947,0,6.63064557185713,0,3.85607932351549,4.29176170419273,3.68665524875242,3.15003066616929,4.80949014800428,4.69174460701741,0,2.26684315704683
ASV23,2.80985087289115,4.32288120658058,3.98894359995532,5.4169861992818,3.00106877041878,4.97219325517812,3.22898157275367,3.81546360514757,0,0,0,3.39799195844964,4.75091962276674,8.92892189396438,12.0477569134978,6.44644107402791,4.34564271331617,0,3.20230541828046,0,0,7.23240188301295,7.51899838762822,3.83681606306809,5.51731528969756,4.29491261021163,0,3.28813157706992,8.34933373722636,0,1.36976837410989,1.6991528899586,0,0,0,0,0,0,0,0,0,0,0,0,0,0,0,0,0,0,0,0,0,0,4.03648449582277,0,0,0,0,0,0,0,0
ASV24,0,0,0,4.26620624710619,0,7.79404774693084,3.39890657419598,8.16517485654847,7.09566248058386,4.36198567831454,6.38992798676374,6.54930128172461,7.01940845869264,6.28688920774932,0,9.94581143803535,0,0,7.05844271342434,0,8.28739315449518,6.80636538478485,5.02480135083024,3.03844992423774,0,0,0,0,5.40068839575342,0,0,0,0,4.39814084198533,8.65929572578387,3.0733047379969,0,10.3477426167054,0,0,0,0,0,8.96035944617792,0,0,0,0,0,0,0,0,0,0,0,3.37594679601476,0,0,0,4.51072803769596,4.15543126900397,0,0
ASV25,6.29813735420063,7.647581050718,8.19138141491612,8.0943696314437,3.39101528873479,6.02933716228173,3.50200006716009,6.50351959883283,4.53362637671221,4.55838289111805,6.035578414184,6.09843167659074,2.57159592332218,5.38945894138987,4.69057929451587,8.44644107402791,0,0,7.2739664034079,0,5.53250565233171,7.65654158939905,7.9595709790142,0,3.91785321928128,0,0,0,0,4.71602847983433,4.27665896971841,5.58667816070019,0,5.28891177223057,0,0,0,0,0,0,0,0,0,0,0,0,0,0,0,0,0,0,0,0,4.45152199510161,0,0,0,0,0,0,0,0
ASV27,0,2.52933208404801,3.22710333715009,3.13845069990782,4.56935252999331,6.09102948468797,0,6.2001274553829,5.02461272922435,0,0,6.29000927757663,0,5.88695860086069,5.11327036633815,8.03645680247535,4.81342167466698,0,4.63724247499701,0,7.36947223049985,8.47087918460277,7.03793675301938,3.55928208753918,4.26577652270159,0,0,0,7.94353602257836,0,6.04219371608138,0,0,0,0,0,0,0,0,0,2.52146049484296,0,0,0,0,0,0,0,0,0,0,0,0,0,0,0,0,0,0,0,0,0,0
ASV28,0,3.48042248356706,0,3.63149071118794,0,6.13725250144862,0,5.80540994048365,6.12507291100357,0,4.78560016117565,5.47891195383321,5.00769503812885,5.61185136272632,0,9.390970775379,0,0,6.77833479423161,7.08096006889669,10.5772522933879,5.87347958064339,4.85707390509218,0,0,0,0,0,0,0,5.15112808763455,0,0,0,0,0,0,6.74223725724686,0,0,0,0,0,7.59322748143996,0,0,0,0,0,0,0,0,0,0,0,0,0,0,0,0,0,0,0
ASV29,0,0,0,0,3.00106877041878,4.89742548677615,5.5747564095954,0,0,0,2.96846421832546,2.60444283591707,0,6.45850058581952,4.96888045700297,0,0,0,0,0,0,2.19165554066964,1.47460426826976,7.64159244102392,5.12138661336642,4.86864785550953,5.00038789617755,10.8711153433691,7.09848339263895,0,0,0,0,0,0,0,0,0,0,0,0,0,0,0,0,0,0,0,0,0,0,0,0,0,0,0,0,0,0,0,0,0,0
ASV30,4.13177896777851,2.52933208404801,2.16297299973037,0,6.03183102418947,5.40892582555628,5.35826458969864,7.14139363059243,6.55299170157914,7.17362795877525,6.75605588556164,4.62828957787144,6.31068156936276,0,0,5.26890288847572,8.06018054078794,7.00659091127505,7.34223567942493,8.21497741686837,5.20766596202444,0,0,4.44562530574362,3.19538719481019,5.75129090487137,4.63781781679284,3.4325214864051,6.27983400087904,8.15746366917778,0,0,7.70905019660672,7.23103085615007,7.02838363920222,3.88065966005451,4.78176015490458,8.4596108124668,9.50797912296411,8.24605314282423,4.78449490067676,5.99680571071165,0.585601133490929,7.53018708690153,0,0,0,-0.636809561333819,1.14467830260972,0,1.34562518651155,0,9.57387327163438,0,6.63594656623904,0,0,0,0,0,0,0,0
ASV35,2.54681646705735,0,1.02546947598043,0,8.39457018591142,3.76910138980061,9.29596768275596,0,5.07906051324673,5.74280746225547,5.53034310593358,3.86747724175086,5.17063360925506,0,1.45791853772559,5.7178877196779,6.66141858122193,7.78985015771519,7.29916695753305,6.34824394773184,6.28566847402571,0,0,3.15874415795545,3.26577652270159,4.84592777900945,5.81028501279761,2.49963568226364,6.64136617011762,10.1057412890858,1.69169646899725,0,0,0,0,0,0,0,0,0,5.73351097195795,0,0,0,0,0,0,0,0,0,0,0,0,0,6.26821478173855,-2.6464210170137,0,-0.503169310127593,0,0,0,0,0
ASV36,4.80985087289115,0,0,0,2.14308777529121,0,0,0,0,0,0,0,0,2.30199610013953,1.13599044283823,0,0,0,4.20230541828046,0,0,2.7766180413908,5.09351410091426,1.68481296962304,0,0,0,0,0,0,0,0,0,0,0,0,0,0,0,0,0,0,0,0,0,0,0,2.83892386963258,0,3.62342463136862,0,0,0,2.30482356086527,0,5.59039046423572,7.17731815812237,7.69588951352543,8.00876522362315,8.52778277561986,8.31609470058872,0,0
ASV41,2.54681646705735,0,2.28850388181423,0,0,0,0,0,2.49409801252557,0,0,0,0,7.19276703038477,11.35697329392,5.7673563959422,0,0,0,0,0,6.20660588213562,5.6097638515514,2.90720539095949,4.57389881806392,0,3.46789281535053,0,8.40390510843697,0,0,0,0,0,0,0,0,0,0,0,3.36945740139791,0,0,0,0,0,0,0,0,0,0,0,0,0,0,0,0,0,0,0,0,0,0
ASV44,0,0,0,0,1.8435274934323,0,0,0,0,0,0,0,0,0,0,0,0,0,0,0,0,0,0,0,0,0,0,0,0,0,0,0,0,0,0,0,0,0,5.36243105165636,0,0,5.76214445204194,4.58560113349093,0,6.53677410370672,6.07319951714845,4.50558597010618,6.81954485377447,5.71814516449305,7.32840011129039,4.72149208850972,5.22276020366231,0,7.70177540793411,0,5.34415572909968,4.70845272232409,5.96239709468181,6.78159357975258,3.91936776577666,4.02094593681695,3.53700736833463,4.45126772818425
ASV45,0,0,0,0,0,0,0,0,0,0,0,0,0,0,0,0,0,0,0,0,0,0,0,0,0,0,0,0,0,0,0,0,0,0,0,0,0,0,0,0,0,0,-0.288867984425212,0,0,0,-0.101071601714299,7.02496853643817,0,7.69290973168991,0.412739382370087,0,0,7.80660696303011,0,6.71771363799436,6.02142921636692,5.45972669520967,6.00951839254701,4.89512021952998,4.74290936764391,6.83912698214181,6.84633052770183
ASV46,2.22488837216999,0,0,0,5.73554481255929,4.75222757123621,5.74205115499304,6.06339111859116,5.09235733586019,3.63500417272096,4.40903680971144,2.15698385894585,5.85917251341877,0,0,0,5.90999493436204,4.25561845911496,5.13391844330021,6.50870861992508,4.97062676472359,1.41404796200609,0,3.55928208753918,2.96092194117317,4.86864785550953,5.7690623500711,2.49963568226364,6.59708560855693,8.4757653816592,0,0,7.17446121840069,6.95783658409605,5.56427553335545,3.39523283288427,4.46765156447652,8.64509609883633,8.11307158271964,6.57747452363827,4.61456989923444,6.33661457894545,8.23142329455452,7.67968207955688,-0.463225896293281,0,-0.560503220351597,0,0,0,0.860198359341308,0.36123014145367,8.58418832724368,-0.904629804763678,6.25887691715922,0,0,0,-1.30940095246801,0,0,0,0
ASV47,0,0,0,0,0,0,0,0,0,0,0,0,0,0,0,0,0,0,0,0,0,0,0,0,0,0,0,0,0,0,0,0,0,0,0,0,0,0,0,0,0,5.55599510974979,4.04503275212823,0,3.31438168237027,2.87861246147187,2.83181420242716,6.12474167111066,1.14467830260972,6.86199697976051,5.18692744049249,4.88030470651837,0,6.54451884061176,0,6.84609983912465,6.55700038095326,6.89236482533471,6.49795396958959,6.64765111684306,6.57235587782708,6.08880300512058,5.71430213401805
ASV51,0,3.83189485406844,3.09585880387183,2.90712515380136,4.46501587017857,0,4.22898157275367,0,0,0,0,0,0,4.20888669574805,4.22345328408857,4.46154796641812,0,0,0,0,0,3.96424504456657,3.83717434765447,7.63382904090424,7.09746077412094,5.37644249570822,4.81028501279761,6.49141517545867,7.12211313902385,0,0,0,0,0,0,0,0,0,0,0,0,0,0,0,0,0,0,0,0,0,0,0,0,0,0,0,0,0,0,0,0,0,0
ASV52,2.09935749008613,2.52933208404801,0,1.84299481638165,6.2672090871204,5.5027079718769,4.19860792371015,5.67896160524271,5.8710674709709,5.82141729695184,6.77090364996895,4.60444283591707,5.39102367768036,0,0,3.50107633060476,6.46347920361002,5.89806645449688,5.95521255631568,8.94260514645524,4.84509588263973,0,0,2.76281548162431,0,4.42323670718717,3.86999125892188,2.74064378176743,5.61570128672427,7.65462793517019,0,0,7.50906314332316,8.0634767591705,4.66381120690636,3.73626975071933,4.42812320028988,7.01085269534395,8.51443414510141,6.95187003841977,4.98960933058137,6.02974538453994,0,6.47546390056069,0,0.342559561231662,0,0,0,-1.20946538279612,0.275235858620152,0.0133068380333637,9.16415879862108,-0.44519818612638,5.29587112464142,0,0,0,0,0,0,0,0
ASV54,0,0,0,0,5.36225629575337,3.24972723070703,5.03633649481128,5.07180335840736,5.33540026650652,7.06242539645564,4.70542981249167,4.01948033519591,5.99983292035588,0,0,3.14960396010338,5.36090946996948,5.65295395666035,5.6173429175593,9.25419129712115,4.53250565233171,1.92862113483585,0,0,1.68081402198044,6.43850346384048,3.78982091023789,1.84755898568394,6.47189534624584,7.68844264816243,0,0,8.08417785808797,6.14409521937879,5.69943511663708,4.01190419333276,3.78176015490458,3.9940444076574,8.90085096644048,8.07682830885059,4.34249035379764,6.36528696882811,0,5.85283098187348,0,0.190556467786612,0,-0.829454639276215,0,0,1.04077060498313,-0.276199779161621,8.23252262213756,0.680332695957479,5.2400178899079,0,0,0,0,0,0,0,0
ASV55,0,0,0,0,0,0,0,0,0,0,0,0,0,0,0,0,0,0,0,0,0,0,0,0,0,0,0,0,0,0,0,0,0,0,0,0,0,0,0,0,3.42192482129205,7.19132374317141,6.30607860486857,0,7.57176952506292,5.77551896850777,7.20602568824727,4.57750955946695,6.38898550037461,5.23347811305261,7.02477012628941,5.93325358646733,0,4.52999842287305,0,2.19488123696725,2.27846488157927,2.80061143804951,2.72034639092604,2.69054907528078,2.66546528221856,0,0
ASV56,10.6002898803267,7.39722854804066,8.63870643069677,8.59423454152997,0,0,0,0,0,0,0,0,0,6.5049361588098,0,1.46154796641812,0,0,0,8.23040745743798,0,3.99901046272725,0,6.4515259071833,0,0,0,0,4.57822658130561,0,0,0,0,0,5.1492380340766,0,0,0,6.71158061527874,0,0,0,0,0,0,0,2.32213982901024,3.40758455802463,1.88164389677593,3.57189433072854,5.55693410871898,5.02960865036246,0,0,0,0,0,0,0,0,0,0,0
ASV60,0,0,0,0,0,0,0,0,0,0,0,0,0,0,0,0,0,0,0,0,0,0,0,0,0,0,0,0,0,0,0,0,0,0,0,0,0,0,0,0,2.93649799412181,7.40600064181666,6.17329342696766,0,6.73363964796731,5.5481084724047,7.24524065180002,5.10802427616573,6.38717193000268,4.64436396906099,5.70819526589626,4.3417777787875,2.57669379069676,5.21431126795983,0,3.87190429067717,3.36906743036018,3.80971364515676,3.39103876567308,4.0303990781654,4.30592289553142,1.66253825041848,0
ASV61,0,0,0,0,0,0,0,0,0,0,0,0,0,0,0,0,0,0,0,0,0,0,0,0,0,0,0,0,0,0,0,0,0,0,0,0,0,0,5.52470248055523,0,0,0,3.81267004203685,0,0,0,7.5790481320472,6.98065790396038,6.5122490630528,6.92410499255195,0,2.91142722401415,5.36677072132253,6.37265759536668,0,4.00702122159023,3.79970178469004,4.09674353205954,3.58136997777723,3.08286649805954,3.33288994313169,0,4.78469146190945
ASV64,0,0,0,2.38356319774435,4.75779761940642,0,6.5688315756383,0,3.96802920085799,0,0,0,5.60307415479535,0,0,3.84621181665344,6.96097886308084,4.48302895521803,2.83973533889575,6.02454675999142,4.62270346130328,1.7766180413908,2.7547121874625,0,3.26577652270159,0,5.67176514871618,3.49963568226364,4.29377319183691,9.44394893439753,0,0,0,0,0,0,3.16508879445609,0,0,0,5.59184982273436,0,0,0,0,0,0,0,0,0,0,0,0,0,4.9228277140272,0,0,0,0,0.860474076723088,-1.83703505831062,0,0
ASV65,4.70601506190661,4.77218860794417,4.56152237622064,6.04177468049615,4.51812720663813,2.73515405787727,2.34445879017361,2.45289352576286,3.60957522994551,0,0,0.697552240308551,0.806061176959203,0,1.94334536489584,8.73560250757706,0,0,4.33006096547883,0,0,4.36158054211196,4.91517685965574,6.49788154287504,0,3.32807947414683,4.01808989791101,5.21012906506865,0,0,4.17712329616749,4.54714979651355,0,0,0,0,0,0,0,0,0,0,0,0,0,0,0,0,0,0,0,0,0,0,7.85317728245971,0,0,0,0,0,0,0,0
ASV66,0,0,0,0,7.2672090871204,4.78578013094724,6.15971891031656,5.16910055976227,5.70787730355732,6.04380971828829,5.0024115502488,3.60444283591707,6.14234456482364,0,0,3.61355105986317,6.10393681692288,6.38188223176113,5.79614607034807,5.0681360285391,4.07016243827451,0,0,3.15874415795545,0,5.31159135135826,5.28989451337254,0,4.70881069111576,8.93959144487872,0,0,0,5.92170279804234,4.82300980175562,0,0,4.4203091623595,7.45661349071306,0,4.44745991339919,6.1927788063718,0,0,0,0,0,0,0,0,0,0,8.29093930836288,0,6.45152199510161,0,0,0,0,0,0,0,0
ASV67,2.88785338489242,4.20740398916065,0,5.02741938751908,4.00106877041878,0,0,3.03785602648402,3.23106360669178,0,0,0,0,8.1599770952671,10.282559118579,6.99552653842047,0,0,0,0,0,7.65381695206251,4.98917744109952,4.0067410645104,0,0,0,0,4.85386102391904,0,0,0,0,0,0,0,0,0,0,0,0,0,0,0,0,0,0,0,0,0,0,0,0,0,0,0,0,0,0,0,0,0,0
ASV69,0,6.50508453780133,7.00274939948035,6.68277121613163,3.60251939392851,0,0,0,0,0,4.0024115502488,4.58019528967039,0,0,0,5.46154796641812,0,5.18346867335913,5.88204614375371,0,0,6.42687200236368,6.82712068299055,4.51488796818073,0,0,0,0,0,0,0,5.30796213263413,0,0,0,0,0,0,0,0,0,0,0,0,0,0,0,0,0,0,0,0,0,0,0,0,0,0,0,0,0,0,0
ASV70,0,0,0,0,0,9.25647406314762,0,3.10497022234256,0,5.3917330217086,0,4.42547269487175,2.8060611769592,4.59967664878021,0,1.9920626831169,0,0,0,0,0,0,0,1.09985046890189,0,0,0,5.23002862250636,3.73629142753786,0,0,0,5.17446121840069,0,6.5382803248225,0,5.36672265562574,0,0,0,0,0,0,8.85854463306787,0,0,0,3.18336940108137,0,4.19992555334159,-1.04669223626721,0.723800220838379,0,4.86355452001325,0,3.7854247699517,2.43046797502432,4.50245523906629,0.912991468868438,5.46203854478137,5.69174460701741,0,0
ASV75,0,0,0,0,1.60251939392851,0,0,0,0,0,0,0,0,0,0,0,0,0,0,0,0,0,0,0,0,0,0,0,0,0,0,0,0,0,0,0,0,0,0,0,0,0,2.71113201557479,0,4.42985889979021,3.46357496219303,3.89070789148073,2.68511853355354,3.3069497315086,2.77542772481367,1.99770188309124,2.46076581500459,0,1.41729829012368,0,5.85872890192944,5.80202683763629,5.55482241263158,6.22457761953434,7.16729527922024,7.03845833727786,0,0
ASV77,0,0,0,0,0,0,0,0,0,0,0,0,0,0,0,0,0,0,0,0,0,0,0,0,0,0,0,0,0,0,0,0,0,0,0,0,0,0,4.61396981865232,0,0,4.75428233426897,3.97165956579801,0,0.0513472765364776,1.19055646778661,6.81453621099533,5.6941073167808,5.49719471733051,6.02734609845329,0.653747481873882,3.58729822093352,0,6.34685260585653,0,4.18224441128932,4.16743356919053,4.14068687964713,3.62919850286785,3.56091379486418,3.66546528221856,3.60113770575434,4.39237403913068
ASV79,0,2.87036900188307,0,0,3.69767662696885,4.34283663509851,4.8728377625284,1.45289352576286,5.32417301108326,4.44944851956488,5.54193108020879,0,4.41487041963473,0,0,4.63147296786043,0,4.82880379205976,4.0621277602322,0,0,0,0,0,2.78034969553135,2.77553845111805,3.56742848890145,0,2.86635196810224,6.40634398070172,0,0,7.62227375377115,6.5813626660411,4.48484106586104,0,4.9020543886223,8.93509201399798,8.35813091422273,9.36303799123696,0,2.66484725068702,5.46601951773826,6.19747915326092,0,0,0,-0.466884559891507,0,0,0,-1.44612478060393,0,0,0,0,0,0,0,0,0,0,0
ASV80,6.44728079350644,5.89856589371373,6.2427001922011,5.77588062052311,2.78694396506593,0,4.55090966764103,0,0,0,0,0,0,4.07458560403646,2.13599044283823,4.59540371315291,0,0,0,0,0,1.60669303994849,4.25221184693332,8.25298022780122,5.79232233719743,0,0,6.55590390191038,5.25629848641825,0,4.45723121536023,4.37722479507124,0,0,0,0,0,0,0,0,0,0,0,0,0,0,0,0,0,0,0,0,0,0,4.63594656623904,0,0,0,0,0,0,0,0
ASV81,2.44728079350644,3.48042248356706,3.22710333715009,2.84299481638165,0,0,4.16758102808953,2.96746669859262,0,0,0,0,0,2.30199610013953,2.45791853772559,0,0,0,0,0,0,2.19165554066964,3.57413994182068,7.08853515567405,6.24849853126976,2.95611069675987,4.7266270837507,8.00598834828843,6.77324256371075,5.54199908005928,0,0,0,0,0,0,0,0,0,0,0,0,0,0,0,0,0,0,0,0,0,0,0,0,2.16201537790663,0,0,0,0,0,0,0,0
ASV82,5.23983871363596,6.78734841511518,6.41090051317395,5.55348819918666,0,3.76910138980061,1.64401907203252,0,0,0,0,0,0,0,0,0,3.6490348567661,0,0,0,0,5.14585185105652,4.89606803670804,1.51488796818073,0,0,0,0,3.43463572767676,0,5.41416249346834,5.28411539067976,0,0,0,0,0,0,0,0,0,0,0,0,0,0,0,0,0,0,0,0,0,-1.58270170987632,4.48394347279399,-1.6464210170137,0,0,0,0,0,0,0
ASV87,0,0,0,0,0,0,0,0,0,0,0,0,0,0,0,0,0,0,0,0,0,0,0,0,0,0,0,0,0,0,0,0,6.56273180811675,0,0,0,0,0,7.73609030970287,0,3.52146049484296,6.3207315373388,4.86763650125478,0,5.01482140051136,2.97482777673117,4.78379268756422,2.64859265752843,4.41057236258276,3.08821516584457,4.65374748187388,2.48461255695895,0,3.17218579228715,0,4.79375604454366,4.42444418739655,3.68665524875242,4.55684765864316,5.35943405954702,5.28190601441289,0,0
ASV89,0,0,0,0,0,0,0,0,0,0,0,0,0,0,0,0,0,0,0,0,0,0,0,0,0,0,0,0,0,0,0,0,0,0,0,0,0,0,6.62355586748152,0,4.49721294859629,4.68152599183365,6.35978919161333,0,4.25298113770613,5.5559068429651,6.30368292430268,2.29392777622907,5.45280059797205,2.94703910288387,3.87217100100738,5.20133364585099,0,2.48768761801508,0,3.49653693682835,3.1960027213873,3.06668629820336,3.2349195637558,3.62128641284366,4.02094593681695,1.39950384458469,1.80741153840953
ASV90,0,0,0,0,0,0,0,0,0,0,0,0,0,0,0,0,0,0,0,0,0,0,0,0,0,0,0,0,0,0,0,0,0,0,0,0,0,0,0,0,1.42192482129205,4.75428233426897,4.59377506493663,0,5.49429077238521,6.23737732453961,4.9192770436775,4.3404703621661,4.71814516449305,4.64851561233146,5.34562518651155,5.62265349738148,0,4.71375569749493,0,3.46905620040624,4.23093651149669,3.48551537664457,2.80607626495193,3.19834371547947,3.22185863074295,0,0
ASV93,0,0,0,0,0,0,0,0,0,0,0,0,0,0,0,0,0,0,0,0,0,0,0,0,0,0,0,0,0,0,0,0,0,0,0,0,0,0,0,0,0,0,6.99653423443704,0,6.27245100190435,6.63901696860291,3.34638737525692,2.24583348802802,4.74671431668982,2.61496305262043,4.23870998259504,5.24387319081551,0,2.64995904691396,0,2.73440076692723,3.0313720196145,3.02039264592942,3.2349195637558,3.65633335994286,3.48489303657674,0,0
ASV96,0,0,0,0,0,0,0,0,0,0,0,0,0,0,0,0,0,0,0,0,0,0,0,0,0,0,0,0,0,0,0,0,0,0,0,0,0,0,0,0,0,5.76605950204532,3.41157173371588,0,5.90932827166405,5.66808989279922,4.95519661793245,3.17054536072378,5.08327775794558,4.06975826113701,3.94199245050496,4.24037574657928,0,4.10659745065958,0,3.47597561434603,3.64251845213931,3.1692560318439,3.90005241316094,3.64474538566765,3.82592995441181,1.88493067175493,2.26684315704683
ASV97,0,2.20740398916065,0,0,0,4.57165532559439,0,0,2.64610110597062,6.34687878592433,4.66360963679704,3.08986966308731,0,0,0,3.68394038775457,0,6.26438866874269,2.90684953475429,8.20720006627666,0,0,0,0,0,5.70153786967427,0,0,4.78973068649932,3.91956187391946,0,0,0,8.68354306084758,5.07884870618521,3.88065966005451,2.58012629373493,6.60875425177261,0,7.73747040783685,0.936497994121806,0,0,4.57599077651465,0,0.480063084981597,0,0,0,-0.987072961459669,0.275235858620152,-0.861162279882777,0,-1.09727488270607,0,0,0,0,0,0,0,0,0
ASV98,0,0,0,0,0,0,0,0,0,0,0,0,0,0,0,0,0,0,0,0,0,0,0,0,0,0,0,0,0,0,0,0,0,0,0,0,0,0,0,0,0,0,2.33562288048258,0,0,0,0,4.58719211286429,0,5.12741305355722,2.08259078067776,2.59826933875452,0,4.11217848292288,0,5.69194396768434,4.16743356919053,5.20763712357176,5.16633247849839,4.78330621620063,4.549545994919,4.85893546322199,4.6653925335371
ASV101,0,0,0,0,0,0,0,0,0,0,0,0,0,0,0,0,0,0,0,0,0,0,0,0,0,0,0,0,0,0,0,0,0,0,0,0,0,0,0,0,0,0,0,0,0,0,0,3.22117143379375,0,4.15393934806741,-0.461729735546054,0,6.2955120381527,4.15065263073751,0,5.22188711627577,5.0313720196145,5.8955743818106,5.27054347348652,5.34876055803257,5.14785804929917,3.60113770575434,4.01686490403848
ASV102,0,0,0,0,0,0,0,0,0,0,0,0,0,0,0,0,0,0,0,0,0,0,0,0,0,0,0,0,0,0,0,0.962187295792398,0,0,0,0,0,0,0,0,0,0,0,0,0,0,7.21016067256516,2.85504353499586,5.79127986912326,3.57189433072854,2.4768697197898,3.96326615553377,0,3.46169240948214,0,4.43395239945032,2.13828722353101,1.49683068987241,2.98827959617268,0,0,5.36297796855958,5.90544362137005
ASV103,0,0,0,0,0,0,0,0,0,0,0,0,0,0,0,0,0,0,0,0,0,0,0,0,0,0,0,0,0,0,0,0,0,0,0,0,0,0,0,0,0,4.00676682076185,3.12616951485363,0,3.89934418309143,0,5.09054847082733,4.71633726416426,4.22809431079736,5.30360419944325,3.16276112936174,3.733784309411,0,4.83346245485681,0,2.85607932351549,3.27846488157927,4.87187012121933,3.76384802956263,2.08286649805954,2.5321987513551,5.8324632518608,5.74992604374877
ASV105,0,0,0,0,0,0,0,0,0,0,0,0,0,0,0,0,0,0,0,0,0,0,0,0,0,0,0,0,0,0,0,0,0,0,0,0,0,0,0,0,0,0,0,0,0.314381682370272,1.34255956123166,7.49748850240758,1.68511853355354,5.27199713267417,2.68130554744913,0,2.74369977827608,0,1.73922638501105,0,4.09504596938745,1.56797149877426,1.1972704080135,2.74949273658556,0.149980693918073,-0.252072557589462,4.85893546322199,6.04581627773461
ASV106,0,0,0,0,0,0,0,0,0,0,0,0,0,0,0,0,0,0,0,0,0,0,0,0,0,0,0,0,0,0,0,0,0,0,0,0,0,0,0,0,0,0,2.95905952901837,0,5.09574139589493,5.00931615311647,4.9472914198471,2.83892386963258,4.96181424545991,3.29303495773307,4.46900760201683,3.733784309411,0,3.20389465201449,0,1.89789949921011,1.84550547430317,1.49683068987241,1.49795396958959,0,1.97031986374699,7.83579896442405,8.01929983295553
ASV108,0,0,0,0,0,0,0,0,0,0,0,0,0,0,0,0,0,0,0,0,0,0,0,0,0,0,0,0,0,0,0,0,0,0,0,0,0,0,0,0,1.93649799412181,0,3.39295605554853,0,2.70669910514903,4.96314597168354,1.1399364977895,4.28205367594077,3.21179249846826,2.68130554744913,0.760662685790394,0.875803314283429,0,5.14249410735035,0,4.57918811700629,5.38155837454338,4.72083236407051,5.00650335479158,5.20230172904816,4.76287778387651,0,0
ASV110,0,0,0,0,0,0,0,0,0,0,0,0,0,0,0,0,0,0,0,0,0,0,0,0,0,0,0,0,0,0,0,0,0,0,0,0,0,0,0,0,0,3.32604533723526,2.41157173371588,0,0,0,2.60942178109072,5.59441161937737,1.65925147543948,5.58061154782965,0,0,0,5.42404512256427,0,4.27641112246384,3.87230553364688,4.04372514976004,3.87382087158776,4.3344052650555,4.54378672563031,0,1.97733653985184
ASV113,0,0,0,0,0,0,0,0,0,0,0,0,0,0,0,0,0,0,0,0,0,0,0,0,0,0,0,0,0,0,0,0,0,0,0,0,0,0,0,0,0,6.26924963223187,3.50120894620056,0,3.64828241892371,3.70713199352752,4.74783580978781,4.68961992578848,3.88164389677593,5.04477590457967,3.97567557676124,3.68315823634103,0,4.81646938394351,0,2.03540302296005,2.84550547430317,4.1692560318439,3.12800435983929,0,0,4.569428846027,4.85180565776798
ASV115,0,0,0,0,0.728050276012364,0,0,0,0,0,0,0,0,0,0,0,0,0,0,0,0,0,0,0,0,0,0,0,0,0,0,0,0,0,0,0,0,0,0,0,0,5.57843249886955,2.79859485682513,0,4.79550837210689,4.6930568083158,3.92331255691266,0.611117952109766,3.53372059335562,0.453499629926313,4.568017607848,4.18323183947568,0,0.953351190363895,0,4.83201156355366,4.93720530843998,4.6363820422712,4.88042360641201,4.11681382998287,4.13259129264586,0,0
ASV121,0,0,-0.296458618906928,0,4.61882120625761,2.92779913581967,0,0,0,0,0,1.86747724175086,3.069095582793,0,0,0,0,0,0,0,0,0,0,0,0,0,4.98246598818029,0,0,0,0,0,6.50485089203625,6.03234686172633,5.26471525149654,1.0733047379969,2.42812320028988,0,9.10539538644401,0,1.42192482129205,0,0,5.35128448933996,-0.948652723463522,0,0,0,0,0,-0.724764141379848,-1.44612478060393,7.75328252242008,0,0,0,0,0,0,0,0,0,0
ASV124,7.75106154168354,6.21489852570757,6.76423731278063,5.640951040437,0,4.80226825373581,0,0,0,0,0,0,0,7.40353412660159,4.09018675322511,0,0,0,0,0,0,4.53743037751137,6.98917744109952,5.42177856378925,0,0,1.98246598818029,5.16948708057131,0,0,2.95473087483104,6.65334920034548,0,0,0,0,0,0,0,0,0,0,0,0,0,0,0,-0.466884559891507,0,-0.209465382796117,0,0,0,0,0,0,0,0,0,0,0,0,0
ASV128,0,0,0,0,2.66664973134822,4.29703294548539,4.45137399409012,0,0,5.91657452999218,6.19085663966191,0,0,0,0,4.09897788703341,0,0,3.73282013497924,7.70648574200728,0,0,0,0,2.04338410136514,6.23497006975534,4.56742848890145,0,0,5.16348745680555,0,0,0,0,3.51180811346131,0,0,6.23244914698248,0,0,0,5.28297661534338,1.9841505099812,8.08743935291957,0,1.0206314663443,0,0,0,0,0,0,0,-0.44519818612638,3.94628668685119,0,0,0,0,0,0,0,0
ASV136,4.49790686657641,3.1460034444965,4.81206583787124,4.11148365230755,6.7467141202774,3.95754647921372,6.50820521668679,0,4.05209346564646,0,2.48303739115522,0,0,0,0,0,5.44926534439032,0,6.15477704819787,0,4.07016243827451,2.06612465858579,3.19081130226917,0,0,3.03857285695184,2.98246598818029,0,1.70881069111576,6.85154345049081,2.69169646899725,3.18457971712885,0,0,0,0,0,0,0,0,3.42192482129205,0,0,0,-0.463225896293281,0,0,0,0,0,0,0,0,0,5.73355736286546,-0.771951899097555,0,0,0,0,-0.61464263697417,0,0
ASV137,0,0,0,0,5.38149251461629,3.76910138980061,5.27337569211212,3.68993272306371,4.2068160604451,4.98647654322234,0,1.69755224030855,3.69358644770079,0,0,0,5.51897431620173,5.00659091127505,4.73282013497924,5.73110104126153,4.35966905546949,0.606693039948488,0,0,0,3.32807947414683,4.24550039401408,0,4.9508854783139,7.25283494240084,0,0,0,0,0,0,0,0,0,0,2.78449490067676,0,0,0,0,0,0,0,0,0,0,0,0,0,5.89898097207283,0,0,0,0,0,0,0,0
ASV138,0,0,0,0,0,0,0,0,0,0,0,0,0,0,0,0,0,0,0,0,0,0,0,0,0,0,0,0,0,0,0,0,0,0,0,0,0,0,0,0,0,5.55146545126928,4.44809760974099,0,4.84836025437262,4.85983525444124,4.20768110442533,2.51293755817086,4.12740031117789,1.82028196059794,4.39625125958152,4.50807152978294,0,3.07265011873624,0,3.29999794278146,2.33093230147341,2.76361723056731,2.56506816544813,2.99432982345788,3.10156439702524,2.39950384458469,2.71430213401805
ASV140,0,0,0,0,0,0,0,0,0,0,0,0,0,0,0,0,0,0,0,0,0,0,0,0,0,0,0,0,0,0,0,0,0,0,0,0,0,0,0,0,0,4.96650295054812,3.2346939716318,0,4.82745126460964,3.34255956123166,5.57392309986933,4.02852635585136,4.01914742052586,4.03212060377364,3.50789661541043,3.33523493292073,0,3.9408602461807,0,1.57597140432275,2.16743356919053,1.74475820331599,1.74949273658556,0.390988793421868,0.970319863746986,0,0
ASV142,0,0,0,0,0,0,0,0,0,0,0,0,0,0,0,0,0,0,0,0,0,0,0,0,0,0,0,0,0,0,0,0,0,0,0,0,0,0,0,0,1.1995323999556,5.71025771037697,3.85408996941683,0,3.15568393635121,2.80199117986896,3.19438428181187,2.09111089322938,2.79675499918942,1.66500373512002,3.62573310570429,0.460765815004585,0,2.41729829012368,0,4.12176330776323,4.43046797502432,3.77295509514664,3.92581550922602,4.4587334000577,4.31271206119406,2.98446634530585,3.33097349446654
ASV143,0,0,0,0,0,0,0,0,5.2068160604451,0,0,0,0,0,0,7.43373002227836,0,0,0,0,7.02125283779356,0,0,0,0,0,0,0,0,0,0,0,0,0,0,0,0,0,0,0,0,0,0,7.09955273257167,0,0,0,1.11807794082965,0,0.597889539261487,0,5.39622556280987,0,0.55480181387362,0,2.12616848688323,1.61104022066614,3.43934519521165,0,2.47190878880544,2.91785244385285,0,0
ASV147,0,0,0,0,0,0,0,0,0,0,0,0,0,0,0,0,0,0,0,0,0,0,0,0,0,0,0,0,0,0,0,0,0,0,0,0,0,0,0,0,0,5.04593741804253,3.08036582524051,0,4.20515261261551,2.80199117986896,4.9669737857088,4.10465742506733,4.10991288444905,4.12443535375732,3.59716395350751,2.96326615553377,0,4.08972363209518,0,2.07239723044225,2.40622042877765,2.35481168499998,0,1.93847658872436,2.38535736302583,3.46989317247609,4.09281375727178
ASV156,0,4.26629767821421,4.74793550045153,2.47102603899469,0,4.20081763022608,0,6.16910055976227,4.75043776578536,0,3.78560016117565,6.20534688050725,4.85917251341877,3.30199610013953,0,4.52044165547169,0,0,4.83973533889575,0,3.66577218319517,0,2.12668096484946,0,0,0,0,0,0,0,0,0,0,0,0,0,0,0,0,0,0,0,0,0,0,0,0,0,0,0,0,0,0,0,0,0,0,0,0,0,0,0,0
ASV157,0,0,0,0,0,0,0,0,0,0,0,0,0,0,0,0,0,0,0,0,0,0,0,0,0,0,0,0,0,0,0,0,0,5.04199703176005,0,0,0,0,0,0,0,5.78932928136817,4.51848693763239,0,5.07371508956493,4.72107118448539,4.41104033359918,1.2700810342747,2.96181424545991,1.76016096816036,4.08259078067776,3.77304373985823,0,1.45292219985441,0,0.813010601623601,0.771504892859391,0.584293531122747,0.275561548253146,0.149980693918073,0.747927442410538,0,0
ASV158,0,0,0,0,0,0,0,0,0,0,0,0,0,0,0,0,0,0,0,0,0,0,0,0,0,0,0,0,0,0,0,0,0,0,0,0,0,0,0,0,0,3.42840705486494,3.99653423443704,0,4.42290613914844,5.67884294909609,3.69688462234105,2.29392777622907,3.67122411710556,3.08821516584457,3.46110240393149,4.51965950405815,0,3.57110362620272,0,2.09054457715251,2.01543047574548,0.81875878475977,1.27556154825315,1.77801191653112,1.70728545791319,0,4.01686490403848
ASV161,3.59412218183571,3.75172450538446,3.70354138109307,3.70549129263171,0,0,0,0,0,0,0,0,0,3.03896169430574,3.22345328408857,3.53955047841939,0,0,0,0,0,3.30713275808958,4.47460426826976,6.94534051984626,3.57389881806392,0,3.05285531607169,7.82483890918386,4.17829597441697,0,0,0,0,0,0,0,0,0,0,0,0,0,0,0,0,0,0,0,0,0,0,0,0,0,0,0,0,0,0,0,0,0,0
ASV163,0,0,0,0,0,0,0,0,0,0,0,0,0,0,0,0,0,0,0,0,0,0,0,0,0,0,0,0,0,0,0,0,0,0,0,0,0,0,0,0,0,4.52398471484717,3.42995026303073,0,3.38763066440091,3.39567089769122,2.81453621099533,3.36319043866618,3.65925147543948,3.96712334892721,2.04077060498313,1.76332858502502,0,4.30482356086527,0,1.87714093904332,2.38155837454338,2.80061143804951,2.05983285719771,2.49790399733838,2.68652689774639,5.24750075113964,5.19972896118829
ASV165,0,0,0,0,0,0,0,0,0,0,0,0,0,0,0,0,0,0,0,0,0,0,0,0,0,0,0,0,0,0,0,0,0,0,0,0,0,0,0,0,0,6.74240823398067,1.8810570170171,0,1.31438168237027,0,5.14685591172929,2.87098507886488,4.61034187495853,2.61496305262043,1.34562518651155,1.30876272155953,0,2.97801324459816,0,0.978069847894097,-0.0169910019468972,0.0817931905935637,0.806076264951926,1.08286649805954,0.278442159109318,0,0
ASV173,2.44728079350644,1.94436958332685,1.51089630315068,1.96852569846551,5.75041808904082,2.34283663509851,5.10345069066981,2.81546360514757,2.64610110597062,3.53191067975686,3.33103429771017,0.282514741029707,3.91039783677394,0,0,0.613551059863168,3.69794445724705,4.21999454938424,2.44741791611699,3.53379960088791,2.57830934194483,0,0,1.32224289023833,2.87345909992283,1.86864785550953,4.27524773740814,0,1.91526156858318,6.45299407400054,0,0,2.25692337859266,1.39814084198533,0,0,0,0,1.9701136288776,0,2.07400151787174,1.32604533723526,0,0,-0.463225896293281,0,0,0,0,0,0,-0.861162279882777,5.94592760036248,0,4.63594656623904,-1.6464210170137,0,0,0,0,-3.42199755903177,0,0
ASV176,0,0,0,0,2.39101528873479,0,0,0,3.07906051324673,0,0,0,2.8764505048506,0,0,0,5.67369691100037,0,4.83973533889575,0,0,0,0.989177441099522,2.76281548162431,0,0,0,0,4.07446016343243,6.11457785632461,0,4.13211229723471,0,0,4.42934595326934,0,0,0,6.98506397034357,0,2.07400151787174,5.48651000942851,0,0,0,0,0,0,0,0,0,0,0,0,0,0,0,0,0,0,0,0,0
ASV178,0.961853966336198,0,0,0.968525698465507,0,1.51276163654082,0,0,0,0,0,0,0,0,0,0,0,0,0,8.40203676509254,6.07016243827451,0,0,0.51488796818073,0.873459099922831,0,0,0,0,0,0,0,6.3724005960126,2.27260995990147,2.75692061129784,0,0,0,0,6.54140526893075,0,5.2442070451788,0,5.44540666670451,0,0,0,-1.05184706061266,0,0,0,0,0,0,0,0,0,0,0,0,0,0,0
ASV180,0,0,0,0,0,0,0,0,0,0,0,0,0,0,0,0,0,0,0,0,0,0,0,0,0,0,0,0,0,0,0,0,0,0,0,0,4.16508879445609,0,0,0,0,0,0.933524436911236,0,2.22127227797879,1.41294888912306,1.76142487453577,2.00704662844091,1.88164389677593,2.03846213064747,1.65374748187388,2.1084640710737,0,2.00226079084484,0,3.75730116903731,4.35012586670672,4.02821215038872,4.3053088916472,4.48496494163088,4.549545994919,0,0
ASV181,0,0,0,0,0,0,0,0,0,0,0,0,0,0,0,0,0,0,0,0,0,0,0,0,0,0,0,0,0,0,0,0,0,0,0,0,0,0,0,0,0,2.69801411462222,3.10344943835355,0,4.86384550187004,4.42151090262648,3.83181420242716,2.66697118684328,3.62272559941437,2.54542211936735,4.84205101263105,4.1007696792837,0,2.34329770867991,0,1.26046957859482,1.33093230147341,1.40372128548093,0.69059904753199,1.27551157600193,0,0,0
ASV182,0,0,0,0,0,0,0,0,0,0,0,0,0,0,0,0,0,0,0,0,0,0,0,0,0,0,0,0,0,0,0,0,0,0,4.86544506807601,0,2.58012629373493,0,5.98506397034357,0,4.0068873220132,4.26095030901338,4.6884119390747,0,2.63630977725763,3.34255956123166,1.72489899851065,0.755507861444941,2.3069497315086,0.72913407253974,3.32834719507971,1.91142722401415,0,1.09537019523632,0,2.41247267203987,2.43046797502432,1.88914811265117,2.05983285719771,3.57319212464262,3.02094593681695,0,0
ASV183,0,0,0,0,0,0,0,0,0,0,0,0,0,0,0,0,0,0,0,0,0,0,0,0,0,0,0,0,0,0,0,0,0,0,0,0,0,0,0,0,0,0,2.61802261118331,0,0,2.4468962210464,4.87412500728513,3.35187512543835,3.90210799933564,3.89207264366595,3.29315776661741,2.83927743825831,0,3.37149460051056,0,2.39797310234476,2.96652087526453,3.70628405550136,3.10563654681083,0,2.35936215449289,0,0
ASV185,0,3.52933208404801,3.91299474672202,2.19091811980195,0,3.92779913581967,0,6.01186081795107,4.98238449383506,5.76570786436555,6.11530560665473,3.94547975375214,6.97197311589489,0,0,0,0,0,0,0,0,0,0,0,0,4.623535357673,3.90846540673651,0,5.42622348786056,0,0,0,0,6.38303394959512,0,0,0,5.93655891299664,1.38515112815644,0,0,0,0,0,0,0,0,0,-0.440284198111434,0,0,0,0,0,0,0,0,0,0,0,0,0,0
ASV188,0,0,0,0,0,0,0,0,0,0,0,0,0,0,0,0,0,0,0,0,0,0,0,0,0,0,0,0,0,0,0,0,0,0,0,0,0,0,0,0,0,0,2.29609451629594,0,0,-0.172013611598096,2.9152302106148,3.81440155049851,2.21179249846826,3.87799745845422,0.95330776373279,1.76332858502502,0,3.83007981546216,0,3.33085890648622,3.15293399949542,3.3170096522876,3.27556154825315,3.67923376205294,3.74792744241054,2.66253825041848,3.71430213401805
ASV190,0,0,0,0,3.23055061654155,2.24972723070703,1.81394407347483,3.64553860370526,4.49409801252558,3.09895127248075,0,0,0,0,0,2.29162296497581,4.43491005141325,3.5419226442716,2.76934601100435,6.68144315495422,3.27874906008592,0,0,2.09985046890189,0,0,2.11996951193023,0,4.38341040432159,4.16348745680555,0,0,0,6.40563537853225,4.1492380340766,0,0,5.06013359811517,5.67055334701869,5.88148071052837,0,4.37813384838372,0,0,0,0,0,-0.829454639276215,0,0,0,0,4.07919413122594,0,0,0,0,0,0,0,0,0,0
ASV194,4.78967299095352,3.42979641049709,4.61043197670159,5.04177468049615,2.78694396506593,4.43029947634885,1.96594716691988,0,0,4.53191067975686,0,0,0,6.67703553148645,0,0,0,0,0,0,0,3.69415588119883,5.2218381978898,0,0,0,0,0,0,0,0.954730874831045,6.29608803234584,0,0,0,0,0,0,0,0,0,0,0,0,0,0,0,-0.0518470606126632,0,0.453499629926313,0,0,0,0,0,0,0,0,0,0,0,0,0
ASV195,0,0,0,0,0,0,0,0,0,0,0,0,0,0,0,0,0,0,0,0,0,0,0,0,0,0,0,0,0,0,0,0,0,0,0,0,0,0,0,0,0,5.28297661534338,3.05690685241652,0,3.83794363842728,5.10809430759464,2.62932133852842,2.29392777622907,2.27592283588798,2.3140965732609,2.20123527717638,3.92019743364188,0,2.85025769739979,0,2.7798437376884,2.251497833979,1.40372128548093,2.46318855142892,1.69054907528078,1.16296494168938,0,0
ASV203,0,0,0,0,5.07382511285409,2.51276163654082,5.05341000817022,2.10497022234256,4.8787618627609,4.63500417272096,0,0,3.97598617840152,0,0,0,5.16609329298545,5.25561845911496,3.87368267081909,0,1.57830934194483,0,0,0,-0.126540900077169,4.70153786967427,1.24550039401408,0,3.59333347369582,0,0,0,0,0,0,0,0,0,0,0,0,0,0,0,0,0,0,0,0,0,0,0,0,0,4.31401847135168,0,0,0,0,0,0,0,0
ASV205,0,0,0,0,0,0,0,0,0,0,0,0,0,0,0,0,0,0,0,0,0,0,0,0,0,0,0,0,0,0,0,0,0,0,0,0,0,0,0,0,1.42192482129205,4.39845383276331,2.58560113349093,0,2.34412902576432,4.38695368059012,1.34638737525692,-0.314881466446457,2.21179249846826,0.52750021137009,2.78619777789753,2.74369977827608,0,0.417298290123685,0,3.71698371384983,3.84550547430317,2.64657780937709,2.83355700137403,3.66782899878069,3.83539028366088,0,0
ASV207,0,0,0,0,0,0,0,0,0,0,0,0,0,0,0,0,0,0,0,0,0,0,0,0,0,0,0,0,0,0,0,0,0,0,0,0,0,0,0,0,0,0,4.00881256421547,0,4.71241275634343,3.86612151728868,3.39369309003528,1.78945519336828,3.01914742052586,1.72913407253974,4.39625125958152,4.12373082772701,0,0.265295196678635,0,1.29217843832216,0.983008998053103,1.40372128548093,1.19309938806117,2.04810107989886,2.19271228508343,0,0
ASV208,0,0,0,0,5.47400465340583,2.66476472998587,4.37193952659571,0,2.84773496714028,0,4.91599679843133,1.69755224030855,4.29148800412945,0,0,0,4.51897431620173,4.67942616802154,3.93927101244666,0,0,0,0,1.97431958681803,0,0,2.83046289473524,0,3.73629142753786,5.08102529661358,0,0,0,0,0,0,0,0,0,0,0,0,0,0,0,0,0,0,0,0,0,0,0,0,4.77345008998897,0,0,0,0,0,0,0,0
ASV210,2.09935749008613,2.52933208404801,2.51089630315068,4.16492291126901,0,0,0,0,0,0,0,0,0,0,0,0,0,0,0,0,0,0,0,0,0,0,0,0,0,0,4.27665896971841,4.50650781201621,0,0,0,0,0,0,0,0,0,0,-0.288867984425212,0,0,0,3.06885339972801,1.49247345561115,1.8398237210813,1.37549711792504,0,1.25431493753716,0,0.850257697399791,0,0.856079323515487,1.27846488157927,0.496830689872407,0.69059904753199,0,0.970319863746986,0,0
ASV220,0.224888372169991,1.42979641049709,0,-0.031474301534493,0,0,0,4.45289352576286,3.71649043386202,0,2.5761467955467,0.697552240308551,4.67395764095186,0,0,0,3.545941363802,2.06799145593919,3.30539891124456,7.97043935465197,1.90023743683219,0,0,0,0,1.45361035623068,0,0,6.20312782739691,0,0,0,6.00586161442494,0,4.40077680107257,0,0,1.31597250254476,0,0,0,0,0,0,0,0,0,0,0,0,0,0,3.63558747975032,0,0,0,0,0,0,0,0,0,0
ASV221,0,0,0,0,0,0,0,0,0,0,0,0,0,0,0,0,0,0,0,0,0,0,0,0,0,0,0,0,0,0,0,0,0,0,0,0,0,0,0,0,2.07400151787174,0,3.86763650125478,0,3.03319992982622,1.66448765611902,3.27238679381314,2.11807794082965,2.94218543871098,0.37549711792504,4.43712354099705,1.87580331428343,0,2.28519475411634,0,2.36852932445228,2.9993108103822,2.64657780937709,3.33445523730671,3.36297441725227,3.58922969639148,0,0
ASV222,0,0,0,0,0,0,0,0,0,0,0,0,0,0,0,0,0,0,0,0,0,0,0,0,0,0,0,0,0,0,0,0,0,0,0,0,3.06555312090517,0,0,0,2.78449490067676,6.63946193226711,4.46601951773826,0,3.05134727653648,2.41294888912306,2.41677670314832,0,1.27592283588798,0.37549711792504,2.04077060498313,1.13883772011722,0,-0.582701709876315,0,1.26046957859482,0.915894802194566,0.66675569131472,1.35356406025442,1.93847658872436,1.70728545791319,0,0
ASV224,2.09935749008613,0,0,0,4.02573082465305,0,0,0,3.81602610741294,0,0,2.39799195844964,0,0,0,2.29162296497581,5.20044479777623,2.48302895521803,4.40161422650386,0,3.97062676472359,0,0,0.51488796818073,0,4.54107319748102,3.05285531607169,0,0,6.1062625881126,0,0,0,0,0,0,0,0,6.57990798257869,0,2.42192482129205,0,0,0,0,0,0,0,0,0,0,0,0,0,0,-1.90945542284749,0,0,0,0,0,0,0
ASV225,0,0,0,0,0,0,0,0,0,0,0,0,0,0,0,0,0,0,0,0,0,0,0,0,0,0,0,0,0,0,0,0,0,0,0,0,0,0,0,0,0,0,0.585601133490929,0,0.899344183091428,3.14991448328927,-0.238575125464234,1.11807794082965,0.659251475439481,0.849428306257452,0.653747481873882,0.0133068380333637,0,1.13976431459478,0,3.87190429067717,4.15293399949542,3.67673977988734,3.80607626495193,4.43201606168192,4.29224795863435,0,0
ASV228,0,0,0,0,0,0,0,0,0,0,0,0,0,0,0,0,0,0,0,0,0,0,0,0,0,0,0,0,0,0,0,0,0,0,0,0,0,0,0,0,0,0,1.21363235610397,0,3.68361549203599,3.10809430759464,1.34638737525692,2.53311544010849,3.10991288444905,4.05732115789878,2.20123527717638,3.07743717545308,0,4.57110362620272,0,2.12616848688323,1.65286039636077,1.40372128548093,1.4275646416982,1.49790399733838,1.97031986374699,0,0
ASV237,0,0,0,0,3.42848999415346,2.80226825373581,4.68841319139097,3.50351959883283,0,5.70776051515627,0,0,2.8764505048506,0,0,0,4.8995783184167,4.29038387727564,3.44741791611699,0,1.57830934194483,0,0,2.42177856378925,0,4.19057595039689,2.24550039401408,0,0,3.19519631653289,0,0,5.3724005960126,0,0,0,0,0,0,0,0,0,0,0,0,0,0,0,0,0,0,0,5.54632014165324,0,4.99209037646431,0,0,0,0,0,0,0,0
ASV244,0,0,2.02546947598043,0.383563197744351,0,-0.0722008641803321,0,4.55242919931378,0,0,7.89355940931157,3.9829544591708,0,0,0,3.46154796641812,2.79105386163853,1.21999454938424,3.25477283817459,0,0,0,0,0,0,0,0.660537893292928,0,2.095833814225,0,0,0,0,0,0,0,0,2.31597250254476,0,0,0,0,0,6.03542239515195,0,0,0,-0.314881466446457,0,1.33485513342769,0,0,0,-0.904629804763678,0,0,0,0,0,0,0,0,0
ASV246,0,0,0,0,0,0,0,0,0,0,0,0,0,0,0,0,0,0,0,0,0,0,0,0,0,0,0,0,0,0,0,0,0,0,0,0,0,0,1.19250605021404,0,0,0,0.933524436911236,0,1.31438168237027,0,4.64895014527735,3.39661344020363,3.6350039291928,3.94028173670857,0,-2.44612478060393,0,3.61107003352036,0,0.813010601623601,1.43046797502432,1.66675569131472,0.565068165448131,1.73494319463923,0.747927442410538,4.0317720600842,3.33097349446654
ASV251,0,0,0,0.383563197744351,0,3.73515405787727,0,2.34597832184635,5.31285769785543,3.02495069103697,6.97275157672856,1.69755224030855,0,0,0,4.64917496959389,5.18337128441729,4.38991955082655,0,6.96583745269296,2.48519993755335,0,0,0,0,0,0,1.84755898568394,0,0,0,0,0,0,0,0,0.258198198847571,0,0,0,0,0,0,5.79441429564816,0,0,0,0,0,0,0,0,0,-1.90462980476368,0,0,0,0,0,0,0,0,0
ASV252,4.97977587433346,0,2.02546947598043,0,0,0,0,0,0,0,0,0,0,3.47192110158184,3.30591544428054,0,0,0,0,0,0,0.606693039948488,0,6.24280842274393,0,0,0.98246598818029,4.6251665643475,2.76325847513813,0,2.17712329616749,4.33142110545812,0,0,0,0,0,0,0,0,0,0,-0.551902390259006,0,0,0,0,1.53311544010849,0,1.0635531116103,0,0,0,0.0953701952363223,0,0.722812792652023,0,-0.18124121524023,2.53190130151293,1.54853007040835,1.66546528221856,0,0
ASV258,2.44728079350644,0,0,0,3.60251939392851,0,4.31644441400401,0,0.324173011083263,0,0,5.56791695989196,3.61341609901681,0,0,4.14960396010338,5.94080098114321,0,0,0,4.53250565233171,0,0,1.51488796818073,1.87345909992283,0,6.31158958447186,0,5.85386102391904,0,0,0,0,0,0,2.48834223727575,0,4.48589750398708,0,0,0,0,0,0,0,0,0,0,0,0,0,0,0,0,0,0,0,0,0,0,0,0,0
ASV259,0,0,0,0,0,0,0,0,0,0,0,0,0,0,0,0,0,0,0,0,0,0,0,0,0,0,0,0,0,0,0,0,0,0,0,0,0,0,3.08559084629753,0,2.93649799412181,4.0840725469293,2.51848693763239,0,2.56230919581386,0.721071184485392,1.8657615343505,2.68511853355354,2.48028133439416,3.56312412110081,2.62573310570429,0.641338060646406,0,3.63452900634435,0,0.768616482265148,0.845505474303168,0.956262308509705,1.01252714241935,0.938476588724361,1.48489303657674,2.77801546783842,2.12933963329689
ASV261,0,0,0,0,0,0,0,0,0,0,0,0,0,0,0,0,0,0,0,0,0,0,0,0,0,0,0,0,0,0,0,0,0,0,0,0,0,0,0,0,0,0,0.126169514853632,0,0.188850800286413,0,0.831814202427164,2.73822987001311,1.00028839327455,3.50019286537435,0,0,0,3.47907448771037,0,2.60150649642989,2.79036392011071,3.83668069275703,2.69059904753199,2.30525891939598,1.82592995441181,4.69228559381254,4.73814887597242
ASV265,0,0,0,0,0,3.29703294548539,0,0,2.90913551180442,0,5.72589391505138,0,0,0,0,0,1.96097886308084,4.62598690906008,3.87368267081909,8.14546042299986,2.38566426400244,0,0,0,0,0,0,2.84755898568394,2.70881069111576,0,0,0,0,0,0,0,0,0,0,0,0,0,0,4.19747915326092,0,0,0,-1.31488146644646,0,0,0,0,4.4179960446777,0,0,0,0,0,0,0,0,0,0
ASV275,0,0,0,0,0,0,0,0,0,0,0,0,0,0,0,0,0,0,0,0,0,0,0,0,0,0,0,0,0,0,0,0,0,0,0,0,0,0,0,0,0,0,0,0,0,0,-0.560503220351597,2.40758455802463,0,3.33485513342769,-0.0466922362672102,-1.12419668571657,0,3.12879319677377,0,3.93854148370746,3.56797149877426,2.60535514665058,2.98827959617268,3.0303990781654,2.86340465983047,0,1.12933963329689
ASV284,0,0,0,0,0,0,0,0,0,0,0,0,0,0,0,0,0,0,0,0,0,0,0,0,0,0,0,0,0,0,0,0,0,0,0,0,0,0,0,0,0,0,0.826609232994724,0,0,-1.9793685336557,0.0244592803695592,2.93304604699713,-0.440284198111434,4.02575107889791,-0.0466922362672102,-1.44612478060393,0,3.77485029474177,0,2.56303234861525,3.26504436581695,2.37947373923425,2.35356406025442,2.36297441725227,3.02094593681695,0,0
ASV285,0,0,0,0,0,0,0,0,0,0,0,0,0,0,0,0,0,0,0,0,0,0,0,0,0,0,0,0,0,0,0,0,0,3.13510643615153,0,0,0,0,5.44043356365763,0,2.70203274048478,2.1927788063718,2.58560113349093,0,2.22127227797879,2.06502558570275,1.99408563132604,1.2700810342747,1.65925147543948,2.39539667536274,3.16276112936174,1.41185621452364,0,2.79580991337741,0,1.65125953162699,1.43046797502432,0.956262308509705,0.105636546810834,1.69054907528078,2.13259129264586,0,0
ASV292,0,0,0,0,0,0,0,0,0,0,0,0,0,0,0,0,0,0,0,0,0,0,0,0,0,0,0,0,0,0,0,0,0,0,0,0,0,0,0,0,0,3.23858249598492,3.03306011046215,0,2.93887254727807,1.87861246147187,2.52695962089874,3.18336940108137,1.88164389677593,2.83492873656234,2.73466747725745,2.61996440985384,0,3.08405488200849,0,1.12616848688323,2.43046797502432,2.51919850290086,1.35356406025442,0,0,0,0
ASV297,0,3.32288120658058,3.61043197670159,2.96852569846551,0,0,0,0,0,0,0,0,0,0,2.94334536489584,4.31399077800426,0,0,0,0,0,3.96424504456657,3.31110553598688,4.70471252706075,3.04338410136514,2.77553845111805,0,4.89818505875391,0,0,2.95473087483104,0,0,0,0,0,0,0,0,0,0,0,0,0,0,0,0,0,0,0,0,0,0,0,4.07955321771465,0,0,0,0,0,0,0,0
ASV306,0,0,0,0,0,0,0,0,0,0,0,0,0,0,0,0,0,0,0,0,0,0,0,0,0,0,0,0,0,0,0,0,0,0,0,0,0,0,0,0,0,0,0,0,0,0,1.83181420242716,2.78945519336828,0,3.51845507176708,0.95330776373279,0,0,2.18283303648666,0,2.71113098760439,1.9830089980531,3.1550421726242,1.91299146886844,1.64474538566765,1.89993053585559,5.16503859094767,5.42212138252474
ASV313,4.47281588561358,3.08187310707679,3.09585880387183,1.96852569846551,1.8435274934323,0,0,0,0,0,0,0,0,5.68281788408046,2.83643016097932,0,0,0,0,0,0,5.08242647091489,6.06812878249434,0,2.57389881806392,0,2.46789281535053,5.32560628248859,1.59333347369582,0,0,0,0,0,0,0,0,0,0,0,0,0,0,0,0,0,0,0,0,0,0,0,0,0,0,0,0,0,0,0,0,0,0
ASV319,0,0,0,0,0,0,0,0,0,0,0,0,0,0,0,0,0,0,0,0,0,0,0,0,0,0,0,0,0,0,0,0,0,0,0,0,0,0,0,0,0,0,0,0,0,0,2.60942178109072,2.83892386963258,0,2.97375644125965,0,0.460765815004585,0,2.86355452001325,0,3.09054457715251,2.45431471697869,2.64657780937709,1.49795396958959,2.52343908944552,3.05373587193462,1.39950384458469,2.12933963329689
ASV321,0,0,0,0,0,0,0,0,0,0,0,0,0,0,0,0,0,0,0,0,0,0,0,3.51488796818073,3.26577652270159,0,0,0,0,0,0,0,0,0,0,0,2.06555312090517,0,0,0,0,0,2.08036582524051,0,2.77381330100757,2.54419342240131,0.346387375256922,-0.0518470606126632,1.92228588127327,0,-0.0466922362672102,2.55387521939607,0,-0.0972748827060735,0,-1.90945542284749,-1.47642262058419,-1.50316931012759,0,-0.139525923276912,0,0,0
ASV322,0,0,0,0,0,0,0,0,0,0,0,0,0,0,0,0,0,0,0,0,0,0,0,0,0,0,0,0,0,0,0,0,0,0,0,0,0,0,0,0,0,4.52398471484717,0,0,4.958237872145,3.08672065680207,1.79704878426649,0.45065327991652,3.32221648816191,1.11246271209125,2.16276112936174,1.68315823634103,0,0.739226385011047,0,0.160933905043908,-0.0169910019468972,-0.18124121524023,2.01252714241935,0,0,0,0
ASV328,0,0,0,0,0,0,0,0,0,0,0,0,0,0,0,0,0,0,0,0,0,0,0,0,0,0,0,0,0,0,0,0,0,0,0,0,0,0,0,0,0,0,0,0,1.05134727653648,1.0206314663443,3.29747777477598,2.29392777622907,3.50724838199443,2.49097433534498,0.538270264453946,0.946192642174827,0,1.48768761801508,0,2.45511700944837,1.77150489285939,2.47411061337232,3.08291647031075,1.69054907528078,2.03743405960552,3.8324632518608,3.6653925335371
ASV329,2.09935749008613,3.20740398916065,0,1.84299481638165,0,3.34283663509851,0,0,0,0,0,0,0,0,0,0,0,0,0,0,0,0,3.05956676899092,2.90720539095949,0,0,0,0,0,0,0,0,0,0,0,0,0,0,0,0,0,5.24980975140818,1.93352443691124,0,1.58740017677669,1.19055646778661,2.1399364977895,0,2.17862563453306,0,0.275235858620152,0.36123014145367,0,0.487687618015083,0,0.722812792652023,0.611040220666145,0.496830689872407,-0.572435358301804,0.860474076723088,0.747927442410538,0,0
ASV331,0,0,0,0,0,0,0,0,0,0,0,0,0,0,0,0,0,0,0,0,0,0,0,0,0,0,0,0,0,0,0,0,0,0,0,0,0,0,0,0,0,4.93206945348425,2.51848693763239,0,3.57490923259349,3.0206314663443,2.29747777477598,-0.466884559891507,1.70655719021784,0.0129270385403313,3.16276112936174,3.55387521939607,0,-0.904629804763678,0,-0.0614585162925399,0.33093230147341,0.1972704080135,0,0.597439670889294,0.899930535855588,0,0
ASV338,0,1.7923664898818,2.16297299973037,1.55348819918666,0,0,0,0,0,0,0,0,0,6.86678071892305,0,0,0,0,0,0,0,0,3.25221184693332,0,0,0,0,0,0,0,0,0,0,0,0,0,0,0,0,0,0,0,0,0,0,0,0,2.24583348802802,0,2.24996623584118,0,0,0,1.71008003935153,0,0.160933905043908,1.2240170975569,2.68665524875242,0,2.01247717016814,1.4359834360958,0,0
ASV340,0,0,0,0,0,0,0,0,0,0,0,0,0,0,0,0,0,0,0,0,0,0,0,0,0,0,0,0,0,0,0,0,0,0,0,0,0,0,0,0,0,3.99346999814839,3.10344943835355,0,3.85870219859408,3.430022402482,1.99408563132604,-0.0518470606126632,2.10991288444905,0.205572116482727,3.90750407411966,3.57624303242452,0,-0.44519818612638,0,-0.90945542284749,-0.66906769852659,-0.918206809406436,0,-1.72448842399807,0,0,0
ASV352,0,0,0,0,0,0,0,0,0,0,0,0,0,0,0,0,0,0,0,0,0,0,0,0,0,0,0,0,0,0,0,0,0,0,0,0,0,0,0,0,0,4.38832961548961,0,0,2.77381330100757,2.77551896850777,2.54802123642657,0,1.61034187495853,0.0129270385403313,2.73466747725745,1.83927743825831,0,0.953351190363895,0,2.68747971953974,1.61104022066614,2.35481168499998,0,1.01247717016814,1.38535736302583,0,0
ASV361,0.639925871448835,0,0,0,0,3.80226825373581,0,0,1.78360462972056,4.23645479623068,6.63142923104789,2.60444283591707,0,0,0,2.7510545836131,3.11298195652589,3.75604744962445,0,4.53379960088791,0,0,0,0,0,0,0,0.0402040636263393,3.17829597441698,0,0,0,0,0,0,0,0,0.994044407657401,0,6.42744907963367,0,0,0,5.36740415470324,0,0,0,0,0,0,0,0,0,0,0,0,0,0,0,0,0,0,0
ASV372,0,0,0,0,0,0,0,0,0,0,0,0,0,0,0,0,0,0,0,0,0,0,0,0,0,0,0,0,0,0,0,0,0,0,0,0,0,0,0,0,0.936497994121806,0.82354499670608,2.95905952901837,0,4.02403993054074,3.0206314663443,2.34638737525692,1.68511853355354,3.32221648816191,0.90601183462382,3.96453501915604,2.07743717545308,0,0.417298290123685,0,-0.90945542284749,0,-0.33324430868528,-0.894363453189166,-0.309450924719224,-1.10006946414441,0,0
ASV378,0,0,0,0,0,0,0,0,0,0,0,0,0,0,0,0,0,0,0,0,0,0,0,0,0,0,0,0,0,0,0,0,0,0,0,0,0,0,0,0,0,0,0.711132015574788,0,2.99620572234402,2.37818347096238,2.32213982901024,1.64859265752843,2.50724838199443,2.22793992951118,1.41273938237009,1.68315823634103,0,2.87672990876098,0,1.95844104114516,0.915894802194566,0.584293531122747,1.35356406025442,1.44543657744424,2.19271228508343,0,0
ASV380,0,0,0,0,0,0,0,0,0,0,0,0,0,0,0,0,0,0,0,0,0,0,0,0,0,0,0,0,0,0,0,0,0,0,0,0,0,0,0,0,0,3.99346999814839,-0.0664755630887639,0,2.72941918164912,3.17037858584898,0,-0.636809561333819,0.0742889747183245,0,1.53827026445395,2.13883772011722,0,0,0,2.49653693682835,2.1960027213873,1.40372128548093,2.46318855142892,2.95733561597568,2.97031986374699,0,0
ASV384,0,0,0,0,0,0,0,0,0,0,0,0,0,0,0,0,0,0,0,0,0,0,0,0,0,0,0,0,0,0,0,0,0,0,0,0,0,0,0,0,0,0,1.51848693763239,0,3.38763066440091,4.76209845274545,1.1399364977895,1.40758455802463,0.752360879830962,2.20557211648273,-0.461729735546054,1.80180273283965,0,0.739226385011047,0,0.160933905043908,-0.476422620584194,0,0,-0.987522829831862,0,0,0
ASV395,0,0,0,0,0,0,0,0,0,0,0,0,0,0,0,0,0,0,0,0,0,0,0,0,0,0,0,0,0,0,0,0,0,0,0,0,0,0,0,0,0,0,2.41157173371588,0,3.74064643707237,3.17037858584898,0.831814202427164,0,2.70655719021784,0.205572116482727,2.44516086006246,3.94619264217483,0,0.343297708679908,0,0.897899499210114,0.523577379415806,0.1972704080135,0.69059904753199,1.21411103133779,0.970319863746986,0,0
ASV397,0,0,0,0,0,0,0,0,0,0,0,0,0,0,0,0,0,0,0,0,0,0,0,0,0,0,0,0,0,0,0,0,0,0,0,0,0,0,0,0,0,4.23858249598492,2.9841505099812,0,3.13881011778682,2.37818347096238,2.32213982901024,0.0636301568072728,1.65925147543948,0,2.37957251843489,1.55387521939607,0,0,0,1.72281279265202,1.73303074504476,1.74475820331599,2.2349195637558,1.3344052650555,0.578002440968226,0,0
ASV399,0,0,0,0,0,0,0,0,0,0,0,0,0,0,0,0,0,0,0,0,0,0,0,0,0,0,0,0,0,0,0,0,0,0,0,0,0,0,0,0,0,0,0,0,1.93887254727807,2.10809430759464,0.346387375256922,1.61111795210977,0,1.56312412110081,2.20123527717638,2.43651826875791,0,2.26529519667863,0,1.87714093904332,2.61104022066614,2.30418561193001,2.10563654681083,1.73494319463923,2.48489303657674,0,0
ASV403,0,0,0,0,0,0,0,0,0,0,0,0,0,0,0,0,0,0,0,0,0,0,0,0,0,0,0,0,0,0,0,0,0,0,0,0,0,0,0,0,0,0,2.08036582524051,0,3.31438168237027,3.54419342240131,2.58924389915309,0.685118533553543,2.36707072394617,1.29303495773307,1.27523585862015,3.25431493753716,0,1.52163494993842,0,0.856079323515487,0.523577379415806,0.0817931905935637,0.427564641698196,-0.139525923276912,0.278442159109318,0,0
ASV404,0,0,0,0,0,0,0,0,0,0,0,0,0,0,0,0,0,0,0,0,0,0,0,0,0,0,0,0,0,0,0,0,0,0,0,0,0,0,0,0,0,4.18109700132416,1.71113201557479,0,2.53677410370672,3.30603368520655,2.08335296942313,1.40758455802463,2.5852508939957,1.01292703854033,0.95330776373279,2.33523493292073,0,0.795809913377415,0,0.813010601623601,0.693502380858118,0.1972704080135,0.275561548253146,-0.724488423998068,0.665465282218565,1.07757574969733,3.45126772818425
ASV407,0,0,0,0,0,0,0,0,0,0,0,0,0,0,0,0,0,0,0,0,0,0,0,0,0,0,0,0,0,0,0,0,0,0,0,0,0,0,0,0,0,0,0.448097609740994,0,0,0,1.93134987597808,2.53311544010849,2.53372059335562,3.11246271209125,0,0,0,1.587223291566,0,1.16093390504391,1.38155837454338,2.1972704080135,1.62919850286785,1.73494319463923,1.74792744241054,3.46989317247609,3.12933963329689
ASV441,0,0,0,0,0,0,0,0,0,0,0,0,0,0,0,0,0,0,0,0,0,0,0,0,0,0,0,0,0,0,0,0,0,0,0,0,0,0,0,0,0,0,2.51848693763239,0,2.05134727653648,3.72107118448539,2.48389089900686,1.11807794082965,2.07428897471832,1.72913407253974,1.34562518651155,3.1084640710737,0,1.48768761801508,0,0.0905445771525099,0.430467975024324,0.1972704080135,0,-0.724488423998068,0.0374340596055227,0,0
ASV457,0,0,0,0,0,0,0,0,0,0,0,0,0,0,0,0,0,0,0,0,0,0,0,0,0,0,0,0,0,0,0,0,0,0,2.07884870618521,3.0733047379969,6.61575020346565,0,0,0,0,0,0,0,0,1.19055646778661,0,2.53311544010849,0,1.87799745845422,0,0,0,0.0953701952363223,0,-1.23138351773485,3.88989959366162,0.0817931905935637,-0.894363453189166,-0.139525923276912,0.38535736302583,0,0
ASV478,0,0,0,0,0,0,0,0,0,0,0,0,0,0,0,0,0,0,0,0,0,0,0,0,0,0,0,0,0,0,0,0,0,0,0,0,0,0,0,0,0,0,0.933524436911236,0,2.89934418309143,3.73487698401042,1.4394967796484,-0.314881466446457,1.27592283588798,0.112462712091246,2.97567557676124,2.80180273283965,0,0.182833036486662,0,0.575971404322752,0,-0.503169310127593,1.10563654681083,0,-0.837035058310619,2.24750075113964,2.80741153840953
ASV486,0,0,0,0,0,0,0,0.645538603705259,2.23106360669178,1.77702317759339,0,1.28251474102971,3.8060611769592,0,0,2.9920626831169,4.49149357977962,3.8049570501054,1.25477283817459,6.2607811064815,0,0,0,0,0,0,0,0.625166564347495,3.095833814225,0,0,0,0,1.13510643615153,0,0,0,0,0,0,0,3.99346999814839,0,0,0,0,0,0,0,0,0,0,0,0,0,0,0,0,0,0,0,0,0
ASV487,0,0,0,0,0,0,0,0,0,0,0,0,0,0,0,0,0,0,0,0,0,0,0,0,0,0,0,0,0,0,0,0,0,0,0,0,0,0,0,0,0,0,0.826609232994724,0,0,0,-1.5605032203516,1.06363015680727,-1.24763912016904,2.76016096816036,0,-1.12419668571657,0,1.97801324459816,0,2.53680080704207,1.77150489285939,2.05141954155004,2.01252714241935,2.21411103133779,2.19271228508343,0,0
ASV503,0,0,0,0,0,0,0,0,0,0,0,0,0,0,0,0,0,0,0,0,0,0,0,0,0,0,0,0,0,0,0,0,0,0,0,0,0,0,0,0,0,0,0.826609232994724,0,-0.463225896293281,1.10809430759464,2.54802123642657,2.00704662844091,0.337323380552118,2.97375644125965,1.27523585862015,1.59826933875452,0,2.18283303648666,0,-0.143920676484513,0.430467975024324,0.1972704080135,0.427564641698196,0.690549075280776,0.665465282218565,0,0
ASV515,0,0,0.703541381093072,0,0,0,0,0,2.13152793314087,0,0,0,0,0,0,2.37908580622615,3.92033687858349,3.75604744962445,0,4.0681360285391,2.74823434338714,0,0,0,0,2.03857285695184,1.24550039401408,1.04020406362634,5.13765398991963,5.08102529661358,0,0,0,1.62053326332178,3.1492380340766,0,0,3.51760636371441,0,0,0,0,0,0,0,0,0,0,0,0,0,0,4.16165629141791,0,0,0,0,0,0,0,0,0,0
ASV543,0,0,0,0,0,0,0,0,0,0,0,0,0,0,0,0,0,0,0,0,0,0,0,0,0,0,0,0,0,0,0,0,0,0,0,0,0,0,0,0,0,0,3.00881256421547,0,2.75178699467757,3.46357496219303,0.831814202427164,0,1.00028839327455,0.665003735120025,2.41273938237009,2.30876272155953,0,0,0,-0.424028595677248,-0.0169910019468972,0.1972704080135,0.105636546810834,0,-0.100069464144412,0,0
ASV545,0,0,0,0,0,0,0,0,0,0,0,0,0,0,0,0,0,0,0,0,0,0,0,0,0,0,0,0,0,0,0,0,0,0,0,0,0,0,0,0,0,0,0.296094516295944,0,2.61206223101096,1.26855897978789,2.54802123642657,-0.636809561333819,0.922285881273274,-0.62450288207496,3.95330776373279,1.76332858502502,0,0,0,0.722812792652023,0.611040220666145,0.304185611930012,0,0.0124771701681382,0.162964941689381,0,0
ASV546,0,0,0,0,0,0,0,0,0,0,0,0,0,0,0,0,0,0,0,0,0,0,0,0,0,0,0,0,0,0,0,0,0,0,0,0,0,0,0,0,0,4.50536903667983,1.37409702829722,0,1.42985889979021,0,-0.560503220351597,-0.466884559891507,1.27592283588798,0,1.59716395350751,0,0,-0.582701709876315,0,1.09054457715251,0.430467975024324,0.81875878475977,1.27556154825315,2.04810107989886,1.62239656032668,0,0
ASV567,0,0,0,0,0,0,0,0,0,0,0,0,0,0,0,0,0,0,0,0,0,0,0,0,0,0,0,0,0,0,0,0,0,0,0,0,0,0,0,0,2.1995323999556,4.05876145840011,1.29609451629594,0,0.899344183091428,3.30603368520655,-0.753148298293993,0.611117952109766,0.922285881273274,0.52750021137009,0.412739382370087,1.41185621452364,0,0.739226385011047,0,0,-0.891460119863038,0,0,1.54853007040835,0.278442159109318,0,0
ASV664,0,0,0,0,0,0,0,0,0,0,0,0,0,0,0,0,0,0,0,0,0,0,0,0,0,0,0,0,0,0,0,0,0,0,0,0,0,0,0,0,0,4.64797343212263,0.826609232994724,0,0,0,1.96305873570542,-1.05184706061266,0.922285881273274,0,0,-0.861162279882777,0,-0.204190086622585,0,-0.143920676484513,0.224017097556898,-0.33324430868528,0.105636546810834,0.149980693918073,0.0374340596055227,0,0
ASV665,0,0,0,0,0,0,0,0,0,0,0,0,0,0,0,0,0,0,0,0,0,0,0,0,0,0,0,0,0,0,0,0,0,0,0,0,0,0,0,0,0,0,0,0,1.31438168237027,0.827986388401904,0.439496779648403,-0.0518470606126632,0.211792498468259,1.1597684268696,1.59716395350751,1.59826933875452,0,0.850257697399791,0,1.29217843832216,1.10853988013696,0.956262308509705,1.10563654681083,1.44543657744424,0.484893036576744,0,1.80741153840953
ASV697,0,0,0,0,0,0,0,0,0,0,0,0,0,0,0,0,0,0,0,0,0,0,0,0,0,0,0,0,0,0,0,0,0,0,0,0,0,0,0,0,0,0,-0.288867984425212,0,1.72941918164912,1.26855897978789,1.8657615343505,0.270081034274699,1.79675499918942,-1.20946538279612,0.760662685790394,1.25431493753716,0,1.45292219985441,0,0,-1.89146011986304,-1.50316931012759,0,0,0,3.77801546783842,4.16496354302761
ASV742,0,0,0,0,0,0,0,0,0,0,0,0,0,0,0,0,0,0,0,0,0,0,0,0,0,0,0,0,0,0,0,0,0,3.51361805940526,0,0,0,0,0,0,0,0,0.296094516295944,0,1.48430668381258,2.97482777673117,1.56877979659337,-1.31488146644646,0.452800597972054,-0.62450288207496,1.20123527717638,2.36123014145367,0,-1.09727488270607,0,-0.143920676484513,0,-0.503169310127593,-0.894363453189166,0,0,0,0
ASV767,0,0,0,0,0,0,0,0,0,0,0,0,0,0,0,0,0,0,0,0,0,0,0,3.15874415795545,0.873459099922831,0,3.78982091023789,3.99440037401321,0,0,0,0,0,0,0,0,0,0,0,0,0,0,0,0,1.53677410370672,0.190556467786612,0.139936497789495,0,0.337323380552118,0,0.275235858620152,0.254314937537158,0,0,0,-0.771951899097555,-0.0169910019468972,0.0817931905935637,0.427564641698196,0.690549075280776,0.38535736302583,0,0
ASV790,0,0,0,0,0,0,0,0,0,0,0,0,0,0,0,0,0,0,0,0,0,0,0,0,0,0,0,0,0,0,0,0,0,0,0,0,0,0,0,0,0,0,0,0,1.31438168237027,1.0206314663443,1.19438428181187,0.533115440108493,0.452800597972054,0,1.20123527717638,0,0,0.343297708679908,0,1.01654399570873,0.693502380858118,0.496830689872407,0.105636546810834,1.69054907528078,1.27844215910932,0,0
ASV813,0,0,0,0,0,0,0,0,0,0,0,0,0,0,0,0,0,0,0,0,0,0,0,0,0,0,0,0,0,0,0,0,0,0,0,0,0,0,0,0,0,0,0,0,-0.948652723463522,0.0206314663442998,0.439496779648403,-0.829454639276215,-0.662676619447882,0.0129270385403313,0.275235858620152,0,0,0.0953701952363223,0,1.93854148370746,0.430467975024324,0.66675569131472,1.19309938806117,0.860474076723088,1.38535736302583,0,1.12933963329689
ASV945,0,0,0,0,0,0,0,0,0,0,0,0,0,0,0,0,0,0,0,0,0,0,0,0,0,0,0,0,0,0,0,0,0,0,0,0,0,0,0,0,0,0,-0.0664755630887639,0,2.05134727653648,0.827986388401904,0.346387375256922,-0.636809561333819,0.452800597972054,0.90601183462382,0.275235858620152,-0.861162279882777,0,-0.0972748827060735,0,-0.646421017013696,-0.66906769852659,-0.503169310127593,-0.0870085311315622,0,0,2.53700736833463,1.80741153840953
ASV1034,0,0,0,0,0,0,0,0,0,0,0,0,0,0,0,0,0,0,0,0,0,0,0,0,0,0,0,0,0,0,0,0,0,0,0,0,0,0,0,0,0,0,-0.288867984425212,0,1.25298113770613,1.72107118448539,-0.560503220351597,-0.314881466446457,0.0742889747183245,-2.20946538279612,0.860198359341308,1.13883772011722,0,-0.44519818612638,0,-0.646421017013696,-0.154494525696832,-0.918206809406436,-0.0870085311315622,0.0124771701681382,-0.421997559031774,0,0
ASV1166,0,0,0,0,0,0,0,0,0,0,0,0,0,0,0,0,0,0,0,0,0,0,0,0,0,0,0,0,0,0,0,0,0,0,0,0,0,0,0,0,0,0,0.448097609740994,0,0.816882022899455,-0.394406032934544,0.687424293091989,-0.829454639276215,-0.662676619447882,0,0,0,0,0.182833036486662,0,0.353578982986304,0.224017097556898,-0.503169310127593,-0.30940095246801,0.690549075280776,-0.837035058310619,0,0
